john|password123|john@gmail.com
alice|mypassword|alice@gmail.com
ashik|ashik765|ashik@gmail.com
shanjau|1234|ajama
marwan|lm10|marwan.igb
lll|lll|llll@gmail.com
shasha|shasha|shasha@gmail.com
abcd|abcd|abcd@gmail.com
cr7|cr7|cr7@gmail.com
er|34|ajmal@gmail.com
iphone|iphone765|iphone765@gmail.com
Ashik|Ashik765|Ashik@gmail.com
ajmal|ajmal|ajmal@gmail.com
AGA|AGA|AGA@gmail.com
qwert|qwert|qwert@gmail.com
